{
	"id": "21547ec7-5475-4009-b455-504b874f13a0",
	"name": "Fashion",
	"values": [
		{
			"key": "baseurl",
			"value": "http://18.142.97.45/index.php?route=api",
			"type": "default",
			"enabled": true
		},
		{
			"key": "otpcode",
			"value": "",
			"type": "default",
			"enabled": true
		},
		{
			"key": "api_token",
			"value": "",
			"type": "default",
			"enabled": true
		}
	],
	"_postman_variable_scope": "environment",
	"_postman_exported_at": "2022-10-02T09:24:50.795Z",
	"_postman_exported_using": "Postman/9.31.0"
}